location,generated_report,ground_truth_report
Reproductive and Urinary System,ultrasound of the right kidney. the right kidney. the right kidney. the right kidney. the right kidney. the right kidney. the right kidney. the right kidney. the right kidney. the right kidney. the right kidney. the right kidney. the right kidney. the right kidney. the right kidney. the right kidney. the right kidney. the right kidney. the right kidney. the right kidney. the right kidney. the right kidney. the right kidney. the right,<GU_BOS> ultrasound demonstrated heterogenous uterus. there were no fibroids. mri of the pelvis confirmed suspicion of adenomyosis. t2 sequence demonstrates thickening of junctional zone and increased focal signal through out the myometrium.
Head,ct : mass effect on the right lateral ventricle. the right lateral ventricle. the right lateral ventricle. the right frontal and lateral ventricle. the right frontal and lateral ventricle. the right frontal and lateral ventricle. the right frontal and lateral ventricle. the right frontal and lateral ventricle. the right frontal and lateral ventricle. the right frontal and lateral ventricle. the right frontal and lateral ventricle. the right frontal and lateral ventricle.,"<HEAD_BOS> • image 1 : axial ct with expansion and opacification of frontal sinus, with marked thinning and disruption of bone comprising the inner table of the frontal bone • image 2 : axial ct with expansion of ethmoid sinus, with disruption of bone comprising the left lamina papyracea • image 3 : coronal ct with expansion of all paranasal sinuses, with extradural extension into the anterior cranial fossa and extraconal extension into the left orbit • image 4 : t1 mri with heterogeneous signal in the frontal sinuses without changes"
Head,noncontrast ct : mass in the left temporal and left temporal and left temporal and lateral ventricle. the right lateral ventricle. the right frontal and lateral ventricle. the right frontal and lateral ventricle. the right frontal and lateral ventricle. the right frontal and lateral ventricle. the right frontal and lateral ventricle. the right frontal and lateral ventricle. the right frontal and lateral ventricle. the right frontal and lateral ventricle. the right frontal and lateral ventric,"<HEAD_BOS> extensive lobulated suprasellar mass, largely homogeneous and of nearly water attenuation."
Abdomen,ct images demonstrate a large mass in the left side of the left side of the left side of the left side of the left side of the left side of the left side of the left side of the left side of the left side of the left side of the left side of the left side of the left side of the left side of the left side of the left side of the left side of the left side of the left side of the left side of the left side of the left side of the left side of the left side of the left side of the left side of the left side of,<ABDOMEN_BOS> the axial ct image demonstrates a 2. 4 - cm fusiform aneurysm of the celiac artery. the origin of this aneurysm is patent. also seen within the celiac aneurysm is an extensive mural thrombosis in the distal half of the aneurysm. the splenic and gastroduodenal arteries are patent. there also is a fusiform infrarenal aortic aneurysm identified measuring 4 cm. there is also an intimal flap along the abdominal aortic vasculat
Spine and Muscles,ap radiograph of the right femoral condyle. the right femoral condyle. the right femoral condyle. the right femoral condyle. the right femoral condyle. the right femoral condyle. the right femoral condyle. the right femoral condyle. the right femoral condyle. the right femoral condyle. the right femoral condyle. the right femoral condyle. the right femoral condyle,"<SPINE_BOS> in the spinal canal, from approximately the mid body of t11 through the sacrum, is a large expansile intradural mass which is isointense to the cord on t1, hyperintense to the cord on t2 and avidly enhances with gadolinium albeit eterogeneously. marked scalloping of the posterior vertebral bodies is noted most marked in the sacrum. this mass in the lumbar region extends into the neural foramina at all levels and expands the neural foramina at the lower segments with extension out"
Spine and Muscles,ap radiograph of the right femoral condyle. the right femoral condyle. the right femoral condyle. the right femoral condyle. the right femoral condyle. the right femoral condyle. the right femoral condyle. the right femoral condyle. the right femoral condyle. the right femoral condyle. the right femoral condyle. the right femoral condyle. the right femoral condyle,"<SPINE_BOS> plain radiograph : a - p and lateral views of the right femur from 7 / 9 / 2002 demonstrate no bone abnormalities. no soft tissue abnormalities are evident. mri : a right rectus femoris mass measuring 4. 5x2. 4x2. 5cm shows intermediate - signal intensity periphery with low - signal - intensity center on t1 - weighted mr images and predominantly high signal intensity mass on t2 - weighted mr image with low - signal - intensity septae posteriorly. after contrast - enhancement, there is a thick rim of peripheral enhancement with non - enhancing areas"
Thorax,cxr : - - - - - - - - - - - - - - - - - - - - - - - - - - - - - - - - - - - - - - - - - - - - - - - - - - - - - - - - - - - - - - - - - - - - - - - - - - - - - - - - - - - - - - - - - - - - - - - - - - - - - - - - - - - - - - - - - - -,"<THORAX_BOS> ap chest radiograph : right upper lobe mass, right hilar mass, right pleural thickening with several right masses along the junction of the pleura and lung."
Spine and Muscles,ap radiograph of the right femoral condyle. the right femoral condyle. the right femoral condyle. the right femoral condyle. the right femoral condyle. the right femoral condyle. the right femoral condyle. the right femoral condyle. the right femoral condyle. the right femoral condyle. the right femoral condyle. the right femoral condyle. the right femoral condyle,<SPINE_BOS> 1 ) oblate spheroid mass in subcutaneous fat of lumbosacral region - distinct from neural structures 2 ) probable tethered cord
Thorax,• cxr : 1. ct : 1. ct : 1. ct : 1. ct : 1. ct : 1. ct : 1. ct : 1. ct : 1. ct : 1. ct : 1. ct : 1. ct : 1. ct : 1. ct : 1. ct : 1. ct : 1. ct : 1. ct : 1. ct : 1. ct : 1. ct : 1. ct : 1. ct,"<THORAX_BOS> during acute bleeding episode, areas of increased opacity and decreased lung volume are seen throughout the lungs, especially in the bases."
Reproductive and Urinary System,ct of the right kidney. the right kidney. the right kidney. the right kidney. the right kidney. the right kidney. the right kidney. the right kidney. the right kidney. the right kidney. the right kidney. the right kidney. the right kidney. the right kidney. the right kidney. the right kidney. the right kidney. the right kidney. the right kidney. the right kidney. the right kidney. the right kidney. the right kidney. the right,"<GU_BOS> an unenhanced renal - stone protocol ct scan demonstrates calcifications in the renal medullary pyramids bilaterally, consistent with medullary nephrocalcinosis."
Thorax,• cxr : 1. ct : 1. ct : 1. ct : 1. ct : 1. ct : 1. ct : 1. ct : 1. ct : 1. ct : 1. ct : 1. ct : 1. ct : 1. ct : 1. ct : 1. ct : 1. ct : 1. ct : 1. ct : 1. ct : 1. ct : 1. ct : 1. ct : 1. ct,"<THORAX_BOS> chest x - ray : multiple pulmonary nodules which are too numerous to count, increased size and number in comparison to the last one from 04 dec 02. a left arm catheter is present with the tip projecting over the level of the right superior cavoatrial junction. evidence of prior right breast surgery. no infiltrates or effusion. ct - no pe / dvt. no bone or liver mets. increase in mediastinal adenopathy in the aortopulmonary window and subcarinal region. evidence of right masectomy within the soft"
Reproductive and Urinary System,ct of the right kidney. the right kidney. the right kidney. the right kidney. the right kidney. the right kidney. the right kidney. the right kidney. the right kidney. the right kidney. the right kidney. the right kidney. the right kidney. the right kidney. the right kidney. the right kidney. the right kidney. the right kidney. the right kidney. the right kidney. the right kidney. the right kidney. the right kidney. the right,"<GU_BOS> bone scan demonstrates no osteoblastic metastatic disease. the right kidney is not visualized. a ct scan demonstrates absence of the right kidney, but the right adrenal gland is intact and normal in appearance. the patient reports no history of right nephrectomy."
Thorax,cxr : - - - - - - - - - - - - - - - - - - - - - - - - - - - - - - - - - - - - - - - - - - - - - - - - - - - - - - - - - - - - - - - - - - - - - - - - - - - - - - - - - - - - - - - - - - - - - - - - - - - - - - - - - - - - - - - - - - -,"<THORAX_BOS> cxrs show an opacity in the right lower lobe. chest ct revealed that the right lower lobe is fluid filled and enhancement of the interstitium of the lung is noted. the appearance is consistent with a "" drowned "" right lower lobe, usually seen from endobronchial obstruction."
Head,• t2 hyperintense on t2 hyperintense on t2 hyperintense on t2 signal intensity in the right frontal and left temporal and left temporal and left temporal and lateral ventricle. the right lateral ventricle. the right frontal and lateral ventricle. the right frontal and lateral ventricle. the right frontal and lateral ventricle. the right frontal and lateral ventricle. the right frontal and lateral ventricle. the right frontal and lateral ventricle. the right frontal and lateral ventricle,"<HEAD_BOS> broad strip of soft tissue which follows gray matter on all pulse sequences, extending off the left anterior ventricle and into the high left frontal gray matter. focal thickening of the cortical gray matter and volume loss is associated."
Thorax,cxr : - - - - - - - - - - - - - - - - - - - - - - - - - - - - - - - - - - - - - - - - - - - - - - - - - - - - - - - - - - - - - - - - - - - - - - - - - - - - - - - - - - - - - - - - - - - - - - - - - - - - - - - - - - - - - - - - - - -,"<THORAX_BOS> ct scout radiograph demonstrated mild enlargement of the cardiac silouhette with mild increase in pulmonary vascularity. there are calcification in the aorta. the ct images reveal cardiac enlargement. the positions of the aorta and main pulmonary artery are transposed, with the aorta lying anterior and to the left of the main pulmonary artery. the positions of the ventricles are also reversed, with the anatomic left ventricle lying directly behind the sternum and the trabeculated right ventricle posterior, forming the left heart border. these"
Head,noncontrast ct : mass in the left temporal and left temporal and left temporal and lateral ventricle. the right lateral ventricle. the right frontal and lateral ventricle. the right frontal and lateral ventricle. the right frontal and lateral ventricle. the right frontal and lateral ventricle. the right frontal and lateral ventricle. the right frontal and lateral ventricle. the right frontal and lateral ventricle. the right frontal and lateral ventricle. the right frontal and lateral ventric,"<HEAD_BOS> normal spine, with incidentally noted intense focal uptake at the superolateral left orbit."
Abdomen,ct images demonstrate a large mass in the left side of the left side of the left side of the left side of the left side of the left side of the left side of the left side of the left side of the left side of the left side of the left side of the left side of the left side of the left side of the left side of the left side of the left side of the left side of the left side of the left side of the left side of the left side of the left side of the left side of the left side of the left side of the left side of,<ABDOMEN_BOS> unenhanced axial ct image demonstrates the smooth double ring appearance of the proximal esophagus. the lower attenuating central band is in the range of fat attenuation.
Head,• ct : mass in the left temporal and left temporal and lateral ventricle. the right lateral ventricle. the right frontal and lateral ventricle. the right frontal and lateral ventricle. the right frontal and lateral ventricle. the right frontal and lateral ventricle. the right frontal and lateral ventricle. the right frontal and lateral ventricle. the right frontal and lateral ventricle. the right frontal and lateral ventricle. the right frontal and lateral ventricle. the right frontal,<HEAD_BOS> • right occipital lesion • serpentine hypointensities with surrounding edema • enlarged feeding vessels from both pca and mca supply • small feeder from the aca • enlarged draining veins - varix - drains into superior sagittal sinus
Abdomen,axial ct images demonstrate a large mass in the left side of the left side of the left side of the left side of the left side of the left side of the left side of the left side of the left side of the left side of the left side of the left side of the left side of the left side of the left side of the left side of the left side of the left side of the left side of the left side of the left side of the left side of the left side of the left side of the left side of the left side of the left side of the left side,<ABDOMEN_BOS> ct demonstrates parenchymal splenic injuries and may demonstrate active extravasation of contrast if active hemorrhage is present. fluid densities within the dependent portions of the peritoneal cavity are often seen. angiography may demonstrate active hemorrhage and or mass effect secondary to adjacent hematoma causing compression. active hemorrhage would warrant proximal coil embolization to improve hemodynamic status.
Head,• t2 hyperintense on t2 hyperintense on t2 hyperintense on t2 signal intensity in the right frontal and left temporal and left temporal and left temporal and lateral ventricle. the right lateral ventricle. the right frontal and lateral ventricle. the right frontal and lateral ventricle. the right frontal and lateral ventricle. the right frontal and lateral ventricle. the right frontal and lateral ventricle. the right frontal and lateral ventricle. the right frontal and lateral ventricle,"<HEAD_BOS> • heterogeneous signal lesion - mixed iso and hyperintense on t1wi • hyperintense on t2wi - in the region of the right lenticular nucleus, anterior limb of the right internal capsule, and external capsule • hypointense rim on t1wi that “ blooms ” on t2wi • no mass effect • minimal enhancement seen post - gadolinium"
Abdomen,axial ct images demonstrate a large mass in the left side of the left side of the left side of the left side of the left side of the left side of the left side of the left side of the left side of the left side of the left side of the left side of the left side of the left side of the left side of the left side of the left side of the left side of the left side of the left side of the left side of the left side of the left side of the left side of the left side of the left side of the left side of the left side,"<ABDOMEN_BOS> study from december demonstrates increase in size and quantity of masses over all lung fields as compared to previous study of august in the same year. largest mass, measuring 3cm, is located peripherally in the left lung field. there is prominent lymphadenopathy in both hila. a 9. 5 cm length of catheter is present in the left pulmonary artery and extends into the inferior branch."
Head,noncontrast ct : mass in the left temporal and left temporal and left temporal and lateral ventricle. the right lateral ventricle. the right frontal and lateral ventricle. the right frontal and lateral ventricle. the right frontal and lateral ventricle. the right frontal and lateral ventricle. the right frontal and lateral ventricle. the right frontal and lateral ventricle. the right frontal and lateral ventricle. the right frontal and lateral ventricle. the right frontal and lateral ventric,"<HEAD_BOS> stroke protocol consisted of noncontrast head ct, ct perfusion mapping, and cta of the head and neck. initial noncontrast head ct scan demonstrated no evidence of intracranial hemorrhage. no dense middle cerebral artery sign or evidence of loss of gray and white matter differentiation. there was subtle asymmetry of right parietal sulci compared to left. ct perfusion demonstrated abnormally prolonged mtt ( mean transit time ), in a wedge - shaped configuration, involving the distal m3 distribution of the right mca in the right posterior parietal lobe"
Reproductive and Urinary System,ct of the right kidney. the right kidney. the right kidney. the right kidney. the right kidney. the right kidney. the right kidney. the right kidney. the right kidney. the right kidney. the right kidney. the right kidney. the right kidney. the right kidney. the right kidney. the right kidney. the right kidney. the right kidney. the right kidney. the right kidney. the right kidney. the right kidney. the right kidney. the right,"<GU_BOS> findings : us : lobulated mass at bladder trigone with color flow, with apparent involvement of bilateral ureteral orifices. mild right pelvocaliectesis. ct : irregular soft tissue mass posterior bladder wall outlined by contrast instilled through catheter mri : t2wi shows enlargement of the prostate."
Abdomen,ct images demonstrate a large mass in the left side of the left side of the left side of the left side of the left side of the left side of the left side of the left side of the left side of the left side of the left side of the left side of the left side of the left side of the left side of the left side of the left side of the left side of the left side of the left side of the left side of the left side of the left side of the left side of the left side of the left side of the left side of the left side of,"<ABDOMEN_BOS> film # 1 : non - enhanced ct image shows a slightly decreased attenuating focal mass in the pancreatic body with diffuse atrophic changes. several enlarged peripancreatic lymph nodes are present with the largest measuring 13 mm on short axis diameter. film # 2 : dynamic contrast - enhanced ct image shows a 2. 5 x 4. 3 cm unenhancing, hypodense mass in the pancreatic body. no metastases were seen in the liver. film # 3 : dynamic contrast - enhanced ct image ( on liver window ) shows"
Abdomen,axial ct images demonstrate a large mass in the left side of the left side of the left side of the left side of the left side of the left side of the left side of the left side of the left side of the left side of the left side of the left side of the left side of the left side of the left side of the left side of the left side of the left side of the left side of the left side of the left side of the left side of the left side of the left side of the left side of the left side of the left side of the left side,<ABDOMEN_BOS> incidentally found on ct are two well - defined cysts with thin calcified rim in the posterior right hepatic lobe. serpentine calcifications are noted within the matrix of one of the cysts.
Head,noncontrast ct : mass in the left temporal and left temporal and left temporal and lateral ventricle. the right lateral ventricle. the right frontal and lateral ventricle. the right frontal and lateral ventricle. the right frontal and lateral ventricle. the right frontal and lateral ventricle. the right frontal and lateral ventricle. the right frontal and lateral ventricle. the right frontal and lateral ventricle. the right frontal and lateral ventricle. the right frontal and lateral ventric,<HEAD_BOS> ct showed round hollow structure in inferior portion of middle ear consistent with size and shape of pe tube.
Thorax,• cxr : 1. ct : 1. ct : 1. ct : 1. ct : 1. ct : 1. ct : 1. ct : 1. ct : 1. ct : 1. ct : 1. ct : 1. ct : 1. ct : 1. ct : 1. ct : 1. ct : 1. ct : 1. ct : 1. ct : 1. ct : 1. ct : 1. ct : 1. ct,<THORAX_BOS> cxr : right - sided aortic arch barium swallow : posterior impression upon the esophagus at level of t - 5 vertebral body enhanced chest ct : right aortic arch with aberrant origin of left subclavian artery
Reproductive and Urinary System,ct of the right kidney. the right kidney. the right kidney. the right kidney. the right kidney. the right kidney. the right kidney. the right kidney. the right kidney. the right kidney. the right kidney. the right kidney. the right kidney. the right kidney. the right kidney. the right kidney. the right kidney. the right kidney. the right kidney. the right kidney. the right kidney. the right kidney. the right kidney. the right,"<GU_BOS> bilateral heterogeneously enhancing renal masses with tumor thrombus extending into the right renal vein, ivc, and the right atrium. bilateral neuroblastomatosis is demonstrated."
Thorax,cxr : - - - - - - - - - - - - - - - - - - - - - - - - - - - - - - - - - - - - - - - - - - - - - - - - - - - - - - - - - - - - - - - - - - - - - - - - - - - - - - - - - - - - - - - - - - - - - - - - - - - - - - - - - - - - - - - - - - -,<THORAX_BOS> there are multiple area of hypoattenuation and filling defect within the right and left pulmonary arteries. there is a comet shaped area of hypoattenuation extending from the left pulmonary artery nearly to the branch point of the main pulmonry artery.
Head,• t2 hyperintense on t2 hyperintense on t2 hyperintense on t2 signal intensity in the right frontal and left temporal and left temporal and left temporal and lateral ventricle. the right lateral ventricle. the right frontal and lateral ventricle. the right frontal and lateral ventricle. the right frontal and lateral ventricle. the right frontal and lateral ventricle. the right frontal and lateral ventricle. the right frontal and lateral ventricle. the right frontal and lateral ventricle,<HEAD_BOS> axial flair images demonstrate multiple punctate foci of signal abnormality in the deep white matter. axial and coronal diffusion images demonstrate a single focus of high signal within the left medulla consistent with recent infarct.
Head,noncontrast ct : mass in the left temporal and left temporal and left temporal and lateral ventricle. the right lateral ventricle. the right frontal and lateral ventricle. the right frontal and lateral ventricle. the right frontal and lateral ventricle. the right frontal and lateral ventricle. the right frontal and lateral ventricle. the right frontal and lateral ventricle. the right frontal and lateral ventricle. the right frontal and lateral ventricle. the right frontal and lateral ventric,"<HEAD_BOS> • l ijv thrombophlebitis • mult septic emboli of upper lungs bilat • bilat pleural effusions r > l • myositis of l lateral pterygoid a 1. 23 cm x 0. 5 cm x 0. 5 cm filling defect seen involving the l ijv at the level of c5, likely septic thrombophlebitis according to history. distal to the clot a 2. 42cm narrowing vessel, possible spasm or elongation of clot. mild"
Thorax,cxr : - - - - - - - - - - - - - - - - - - - - - - - - - - - - - - - - - - - - - - - - - - - - - - - - - - - - - - - - - - - - - - - - - - - - - - - - - - - - - - - - - - - - - - - - - - - - - - - - - - - - - - - - - - - - - - - - - - -,<THORAX_BOS> chest x - ray ( pa and lat ) shows right side volume loss with complete opacification of right lung. there is cardiomegally and calcified nodular opacities at the right cardiophrenic border. axial ct of the chest shows soft tissue mass surounding heart and complete drowning of the right lung.
Thorax,• cxr : 1. ct : 1. ct : 1. ct : 1. ct : 1. ct : 1. ct : 1. ct : 1. ct : 1. ct : 1. ct : 1. ct : 1. ct : 1. ct : 1. ct : 1. ct : 1. ct : 1. ct : 1. ct : 1. ct : 1. ct : 1. ct : 1. ct : 1. ct,"<THORAX_BOS> multiple bilateral well circumscribed pulmonary nodules, without spiculations or irregularities. no pathologic lymphadenopathy."
Thorax,cxr : - - - - - - - - - - - - - - - - - - - - - - - - - - - - - - - - - - - - - - - - - - - - - - - - - - - - - - - - - - - - - - - - - - - - - - - - - - - - - - - - - - - - - - - - - - - - - - - - - - - - - - - - - - - - - - - - - - -,"<THORAX_BOS> t2 weighted axial mr image reveals a well - marginated mass with smooth borders in the left lung at the level of the aortic arch, which demonstrates multiple small foci of increased t2 signal intensity, giving the mass a speckled appearance. contrast enhanced axial ct image shows a homogeneous, well - marginated, solid mass with minimal contrast enhancement in the left upper lobe. no fat or calcification is evident."
